patient_id,CE,LAA
006388,0.851181,0.148819
008e5c,0.795186,0.204814
00c058,0.047333,0.952667
01adc5,0.073212,0.926788
